{"cameraMode":{"drawMode":0,"name":"Shaded","section":"Shading Mode"},"sceneLighting":true,"audioPlay":false,"sceneViewState":{"showFog":true,"showMaterialUpdate":false,"showSkybox":true,"showFlares":true,"showImageEffects":true,"showParticleSystems":true},"in2DMode":false,"pivot":{"x":244.55230712890626,"y":457.3340148925781,"z":6.8692626953125},"rotation":{"x":0.025178203359246255,"y":-0.02789337933063507,"z":-0.0006942505715414882,"w":-0.9993087649345398},"size":1529.15185546875,"orthographic":false}