{"cameraMode":{"drawMode":0,"name":"Shaded","section":"Shading Mode"},"sceneLighting":true,"audioPlay":false,"sceneViewState":{"showFog":true,"showMaterialUpdate":false,"showSkybox":true,"showFlares":true,"showImageEffects":true,"showParticleSystems":true},"in2DMode":false,"pivot":{"x":346.08868408203127,"y":312.62615966796877,"z":0.0},"rotation":{"x":0.07808554917573929,"y":0.06015780568122864,"z":-0.004853219259530306,"w":0.995216429233551},"size":2161.061279296875,"orthographic":false}