{"cameraMode":{"drawMode":0,"name":"Shaded","section":"Shading Mode"},"sceneLighting":true,"audioPlay":false,"sceneViewState":{"showFog":true,"showMaterialUpdate":false,"showSkybox":true,"showFlares":true,"showImageEffects":true,"showParticleSystems":true},"in2DMode":false,"pivot":{"x":1494.013671875,"y":119.64703369140625,"z":17.55523681640625},"rotation":{"x":0.0003091837861575186,"y":-0.004124187398701906,"z":-0.0000628141569904983,"w":1.0000579357147217},"size":2532.86474609375,"orthographic":false}